{"mean":{"confidence_interval":{"confidence_level":0.95,"lower_bound":-0.015499264356405544,"upper_bound":0.0009294536500209224},"point_estimate":-0.007061617778722051,"standard_error":0.00417846796833788},"median":{"confidence_interval":{"confidence_level":0.95,"lower_bound":-0.010576551892883201,"upper_bound":0.002150617909063173},"point_estimate":-0.003307224756651017,"standard_error":0.003263179995998377}}