{"mean":{"confidence_interval":{"confidence_level":0.95,"lower_bound":-0.018002651682221798,"upper_bound":-0.0022585899552387493},"point_estimate":-0.009869408432257365,"standard_error":0.00399219534689301},"median":{"confidence_interval":{"confidence_level":0.95,"lower_bound":-0.013782079188229157,"upper_bound":-0.0037238044357906785},"point_estimate":-0.008107209937223914,"standard_error":0.0025846716520313206}}